customer_id,age,tenure_months,monthly_charges,total_charges,num_support_tickets,contract_type,payment_method,internet_service,gender,churned
1,45.0,26,72.20543073531337,5823.683126049083,0,Month-to-Month,Electronic,DSL,Female,0
2,38.0,64,128.9173455868219,224.98662494810128,1,Month-to-Month,Bank Transfer,DSL,Male,1
3,47.0,59,49.97399545465247,2794.611193346342,1,Month-to-Month,Mailed Check,Fiber,Female,0
4,,56,127.9835273075812,6567.785751241939,2,One Year,Bank Transfer,Fiber,Female,0
5,37.0,59,35.644039064549474,4865.43334068564,2,Month-to-Month,Electronic,None,Male,0
6,37.0,70,26.10289642921569,2764.094348767821,3,Month-to-Month,Mailed Check,DSL,Female,0
7,58.0,33,69.93177949386245,7253.645859404423,1,Month-to-Month,Electronic,DSL,Female,0
8,49.0,53,24.775151865459772,6203.719546850122,2,Two Year,Mailed Check,DSL,Female,0
9,34.0,22,144.44513418783234,2192.674033170194,2,Two Year,Bank Transfer,None,Male,1
10,46.0,21,127.40674045321556,5197.789716453163,3,One Year,Credit Card,Fiber,Female,0
11,34.0,70,124.10005932688375,4806.430752692758,3,Two Year,Bank Transfer,None,Female,0
12,34.0,70,101.8711299894999,3269.384520907963,3,One Year,Bank Transfer,None,Male,0
13,42.0,4,48.122122994751955,2998.9530257179254,0,One Year,Credit Card,Fiber,Male,1
14,17.0,62,,2814.127750728061,5,Month-to-Month,Credit Card,Fiber,Male,0
15,19.0,62,97.64562941594433,4975.53068882561,1,One Year,Mailed Check,DSL,Male,0
16,33.0,24,88.25409511183486,3595.0384981972893,0,One Year,Mailed Check,Fiber,Male,0
17,27.0,55,53.83033783369855,6671.718594686234,2,One Year,Electronic,Fiber,Female,0
18,43.0,9,86.98223016091437,5389.860667458299,2,One Year,Electronic,Fiber,Female,1
19,29.0,3,83.85422431292145,652.4596851045296,1,One Year,Bank Transfer,None,Female,0
20,23.0,31,149.52365085487415,5157.328968242512,5,One Year,Credit Card,None,Male,1
21,57.0,40,136.66669924600652,2242.06474835146,3,Two Year,Electronic,Fiber,Female,0
22,37.0,36,80.23949726803059,4783.2147340620395,0,Month-to-Month,Bank Transfer,Fiber,Male,0
23,40.0,24,,5473.042255717266,0,One Year,Credit Card,Fiber,Male,0
24,22.0,6,117.2233085319897,1923.5505943166954,4,Month-to-Month,Mailed Check,DSL,Female,1
25,33.0,66,24.532470830397237,3709.183294554912,3,One Year,Bank Transfer,DSL,Male,0
26,41.0,4,136.33978735961918,1603.5664162706355,3,One Year,Mailed Check,Fiber,Male,1
27,26.0,6,131.8164861343301,513.4771187134156,1,Month-to-Month,Electronic,Fiber,Female,1
28,44.0,51,79.46617271058194,3089.963745538366,1,One Year,Electronic,DSL,Male,0
29,32.0,62,70.85206959044937,2967.259747583337,1,Month-to-Month,Credit Card,None,Male,0
30,36.0,57,55.48471873132094,7964.29587656363,2,One Year,Bank Transfer,DSL,Female,0
31,32.0,66,81.96798768294789,3626.183574461373,0,Month-to-Month,Mailed Check,DSL,Male,0
32,62.0,8,25.76896625932078,2735.199440830383,2,One Year,Credit Card,Fiber,Male,0
33,39.0,26,130.78515933511102,4685.7525530617295,1,Month-to-Month,Electronic,DSL,Female,0
34,27.0,51,24.604907894410857,801.2624134513709,4,One Year,Electronic,DSL,Female,0
35,49.0,45,62.77667749808323,7697.159314043024,1,Month-to-Month,Bank Transfer,DSL,Female,1
36,25.0,44,,5116.184360169162,3,Two Year,Mailed Check,Fiber,Female,0
37,42.0,5,115.57764508804885,6063.2187775326975,1,Two Year,Bank Transfer,Fiber,Male,0
38,16.0,70,56.58082487507848,1446.7757115739487,1,Two Year,Mailed Check,Fiber,Male,0
39,24.0,26,52.84438221491506,3334.875038741111,1,One Year,Mailed Check,Fiber,Female,0
40,42.0,68,20.660678176343374,3439.2439958298974,3,One Year,Bank Transfer,DSL,Male,0
41,48.0,19,110.44285807046752,6592.270906818586,1,Month-to-Month,Credit Card,None,Male,0
42,42.0,20,26.341865617512504,109.7697700993346,1,Month-to-Month,Bank Transfer,DSL,Female,0
43,38.0,12,89.23832752209907,2476.739555990715,7,Month-to-Month,Bank Transfer,None,Female,0
44,36.0,47,145.07585643696646,7851.767357320001,3,One Year,Electronic,Fiber,Male,0
45,22.0,1,34.230951807079,3851.6036936991272,1,Two Year,Electronic,None,Female,1
46,31.0,14,136.28239102584877,3121.957613927665,0,Month-to-Month,Bank Transfer,DSL,Female,0
47,34.0,64,148.89179356885626,1046.649115939406,1,Two Year,Bank Transfer,Fiber,Female,0
48,52.0,38,27.997213411100557,7795.900566161323,2,One Year,Electronic,DSL,Male,1
49,44.0,37,134.77781498786996,258.2082118140133,0,One Year,Mailed Check,DSL,Female,0
50,18.0,11,87.09027265767017,5923.72377755722,2,Month-to-Month,Bank Transfer,Fiber,Male,1
51,43.0,3,137.8467835277954,6171.9384578292165,0,Month-to-Month,Credit Card,DSL,Male,1
52,35.0,33,,2024.8880569045464,3,One Year,Credit Card,Fiber,Male,0
53,31.0,6,106.0745613138534,5405.311704542994,4,One Year,Credit Card,DSL,Female,1
54,47.0,50,90.6912580396619,834.1402405971804,1,Month-to-Month,Bank Transfer,DSL,Female,0
55,52.0,10,132.3840744399553,2130.673404813431,3,One Year,Mailed Check,Fiber,Female,1
56,51.0,5,115.40828946398122,6324.4257075088935,1,Two Year,Mailed Check,Fiber,Female,0
57,29.0,23,87.76384058345394,6931.020917064968,2,Two Year,Electronic,Fiber,Female,0
58,36.0,10,132.8609045267011,4907.042660012351,1,Two Year,Bank Transfer,Fiber,Male,0
59,43.0,44,51.88711919319349,4104.023611381813,1,Month-to-Month,Mailed Check,None,Male,1
60,51.0,2,40.45428576132838,1358.5017628899443,1,Month-to-Month,Bank Transfer,DSL,Male,1
61,34.0,13,,598.5613613252863,2,One Year,Electronic,Fiber,Female,0
62,37.0,40,,1029.427324941113,1,Month-to-Month,Electronic,None,Male,1
63,26.0,2,51.02970406913228,1896.1226707591804,2,Month-to-Month,Electronic,Fiber,Male,1
64,25.0,65,,2799.2285649856744,3,Month-to-Month,Credit Card,Fiber,Female,0
65,49.0,63,33.75843219771592,3109.185251536799,3,Month-to-Month,Bank Transfer,Fiber,Female,0
66,56.0,17,110.8687959451464,2835.941971853128,1,Month-to-Month,Electronic,Fiber,Male,1
67,39.0,9,44.598800172050765,1988.5371243583982,2,Month-to-Month,Bank Transfer,Fiber,Male,1
68,52.0,15,134.6128272601455,4126.821549338415,1,Month-to-Month,Credit Card,DSL,Female,1
69,44.0,24,144.97098746403796,6619.760255039885,0,Month-to-Month,Credit Card,DSL,Female,0
70,32.0,38,80.51110114009786,2309.657953924686,2,One Year,Electronic,None,Female,0
71,44.0,35,134.27929242965712,7544.857450907642,2,One Year,Electronic,DSL,Female,0
72,58.0,49,20.66887219811292,6999.359627618398,2,One Year,Mailed Check,Fiber,Male,0
73,39.0,69,126.59309926305302,1377.9372696816658,3,Month-to-Month,Bank Transfer,DSL,Male,0
74,58.0,62,49.72127099824006,6311.580058381047,0,Month-to-Month,Electronic,Fiber,Female,1
75,8.0,60,138.1311702050178,4639.240320310357,3,One Year,Mailed Check,DSL,Male,0
76,49.0,50,20.145614492414232,4575.945361154207,1,One Year,Bank Transfer,DSL,Male,0
77,41.0,9,92.30362555516841,3189.237828159578,1,One Year,Electronic,None,Female,1
78,36.0,34,118.3626544920415,4059.1086935378767,2,Month-to-Month,Mailed Check,None,Male,0
79,41.0,35,53.629482990728036,3237.712341690767,4,Two Year,Mailed Check,Fiber,Male,0
80,16.0,1,45.1072723963481,4363.887688203548,1,Month-to-Month,Bank Transfer,Fiber,Male,0
81,37.0,40,30.932769180838005,5060.805416903823,2,Month-to-Month,Mailed Check,Fiber,Female,0
82,44.0,64,62.43636494542809,5427.000070631482,4,One Year,Bank Transfer,Fiber,Female,0
83,57.0,22,92.77976060014782,4306.601421219467,4,One Year,Bank Transfer,Fiber,Male,0
84,33.0,60,35.0597013814335,5799.234331896981,1,Month-to-Month,Bank Transfer,DSL,Female,1
85,30.0,64,68.97039705828384,1216.096589276496,2,Month-to-Month,Credit Card,Fiber,Female,0
86,33.0,11,21.179412604854246,1774.6616781276844,3,One Year,Mailed Check,Fiber,Female,0
87,50.0,14,126.42832466497943,6568.006532186734,1,Month-to-Month,Bank Transfer,None,Male,1
88,43.0,60,36.69833335211488,2647.97102498668,3,Month-to-Month,Electronic,DSL,Male,1
89,33.0,30,56.834583274525606,280.86121731134995,2,Month-to-Month,Credit Card,Fiber,Female,1
90,46.0,35,22.395603435968273,1314.9500823774456,4,Two Year,Credit Card,Fiber,Male,0
91,41.0,37,76.1913019060266,1866.5540325208588,1,Month-to-Month,Mailed Check,Fiber,Male,1
92,51.0,5,129.21579535635843,7662.850814367239,1,Two Year,Bank Transfer,DSL,Male,1
93,31.0,26,70.97965748787556,4627.02728855371,6,One Year,Mailed Check,Fiber,Male,0
94,36.0,62,43.334652045098345,7468.572849762413,2,Two Year,Credit Card,DSL,Male,0
95,35.0,4,117.98084842656749,4643.790468923337,3,Two Year,Bank Transfer,DSL,Female,1
96,22.0,42,122.54490764319675,3886.900077089029,2,Month-to-Month,Electronic,Fiber,Male,0
97,43.0,18,42.587951789983684,2578.448760433359,2,Month-to-Month,Bank Transfer,Fiber,Male,0
98,43.0,40,120.21103411032867,4890.330461023667,0,Month-to-Month,Credit Card,Fiber,Male,0
99,40.0,39,143.14872547332394,1199.6643944784857,3,Month-to-Month,Electronic,None,Female,0
100,37.0,14,41.6290863011954,7196.266855612377,2,One Year,Bank Transfer,DSL,Female,1
101,23.0,32,120.22795802917761,6651.726000616141,1,Month-to-Month,Electronic,DSL,Female,1
102,34.0,51,112.11436059834182,2608.498438226223,1,Month-to-Month,Electronic,Fiber,Male,0
103,35.0,38,81.56460549656151,7627.100468050226,1,Month-to-Month,Credit Card,DSL,Female,1
104,30.0,23,27.529659872643776,6619.086062582988,2,Two Year,Electronic,DSL,Female,0
105,38.0,63,29.710274308521022,5363.824398096814,1,Month-to-Month,Mailed Check,DSL,Female,0
106,44.0,15,130.8139056958242,1061.9190978896709,0,Month-to-Month,Credit Card,DSL,Female,1
107,62.0,25,148.71928845758413,3878.048782079771,3,Month-to-Month,Mailed Check,None,Male,0
108,42.0,17,107.88679343427808,4098.249683289332,1,Two Year,Electronic,DSL,Female,0
109,43.0,66,77.97457991134179,1937.1557310865028,3,One Year,Mailed Check,Fiber,Female,0
110,39.0,53,104.18457364224798,731.7266154384854,4,Month-to-Month,Bank Transfer,DSL,Male,1
111,16.0,51,97.2714616997109,6236.116680726373,0,Month-to-Month,Electronic,Fiber,Male,0
112,39.0,39,69.86959385273083,1064.0769117827208,2,Month-to-Month,Bank Transfer,DSL,Female,1
113,40.0,51,28.531398794621683,4794.89692943802,2,Month-to-Month,Mailed Check,Fiber,Male,0
114,69.0,70,126.79668316296733,7497.948473680918,0,Two Year,Bank Transfer,Fiber,Female,0
115,37.0,6,68.3383588010342,7021.231021524536,2,One Year,Electronic,DSL,Male,0
116,43.0,67,126.44213363642218,2294.245727619163,1,Month-to-Month,Bank Transfer,Fiber,Male,0
117,39.0,7,52.826137459489686,6826.444236654996,1,Two Year,Mailed Check,DSL,Female,0
118,25.0,51,20.133832379932343,102.62679835186631,0,Month-to-Month,Mailed Check,Fiber,Male,0
119,53.0,42,,239.73369594473206,2,One Year,Mailed Check,DSL,Female,0
120,49.0,64,80.91012417991597,4860.169994358633,3,Two Year,Electronic,None,Male,0
121,,15,142.75947254451788,2981.905931241783,0,Month-to-Month,Mailed Check,DSL,Female,1
122,,29,33.28517056018347,3153.0406451572626,1,One Year,Electronic,Fiber,Male,0
123,56.0,33,131.04727068000358,4559.084616363171,0,Month-to-Month,Bank Transfer,DSL,Male,0
124,23.0,27,88.51313250754207,1615.0813991756986,5,Month-to-Month,Mailed Check,DSL,Male,0
125,138.0,36,127.36969955398656,1772.867270257279,2,Month-to-Month,Bank Transfer,Fiber,Male,0
126,66.0,29,58.78867602869904,3928.352537449031,2,Month-to-Month,Credit Card,None,Male,0
127,28.0,38,129.19313140742133,6058.603000316518,2,One Year,Bank Transfer,DSL,Female,0
128,33.0,57,120.46696140218458,4994.032236119942,2,Two Year,Credit Card,DSL,Male,0
129,41.0,27,49.90697879408641,2449.104881071027,2,One Year,Bank Transfer,DSL,Female,1
130,33.0,55,37.07356643321915,3499.6637023204776,2,Two Year,Electronic,DSL,Female,0
131,21.0,33,,1448.2515925449875,2,Two Year,Bank Transfer,DSL,Female,0
132,40.0,68,145.22076494721713,689.5755332629456,3,Month-to-Month,Electronic,Fiber,Male,1
133,27.0,66,24.069300787177113,6283.298721878778,3,Month-to-Month,Electronic,DSL,Female,1
134,45.0,10,115.06510870657912,2196.5605325867373,2,Month-to-Month,Mailed Check,DSL,Male,1
135,28.0,5,138.23818642321638,1504.3544640248608,1,One Year,Electronic,Fiber,Female,0
136,58.0,38,131.4568119720248,5563.782638997623,2,Two Year,Credit Card,DSL,Female,0
137,30.0,13,145.3876613951271,4982.60822686877,2,Month-to-Month,Mailed Check,DSL,Female,0
138,36.0,31,118.81223019695263,5102.198045506366,3,One Year,Mailed Check,DSL,Female,0
139,49.0,47,77.49883910951833,1908.2673782882475,2,One Year,Bank Transfer,Fiber,Female,0
140,25.0,52,60.55375876436696,1937.8997546451799,3,One Year,Electronic,DSL,Male,0
141,42.0,56,61.69655625695657,1844.3407753065492,4,Month-to-Month,Electronic,Fiber,Female,0
142,55.0,15,114.17494743983521,1472.6455057321266,2,Month-to-Month,Credit Card,DSL,Female,1
143,20.0,29,116.95881156402535,5280.217013237085,4,Month-to-Month,Bank Transfer,Fiber,Male,1
144,42.0,8,46.046688661332645,6799.325493470271,0,Month-to-Month,Bank Transfer,DSL,Male,0
145,43.0,5,132.85596575376903,5822.108010445623,2,Month-to-Month,Mailed Check,Fiber,Male,0
146,49.0,29,112.9401252262922,6357.539706708291,1,One Year,Mailed Check,None,Female,0
147,25.0,47,93.15753722463974,3297.9075897730786,0,Month-to-Month,Mailed Check,Fiber,Female,1
148,24.0,68,81.29921981332666,5267.1987834387855,3,Two Year,Credit Card,DSL,Female,1
149,46.0,45,90.62026475269455,2898.4662995137187,1,One Year,Credit Card,DSL,Female,0
150,43.0,2,,4251.486513552256,5,One Year,Mailed Check,DSL,Female,0
151,43.0,27,46.48116240591565,3904.9152876254125,4,Month-to-Month,Bank Transfer,DSL,Female,1
152,44.0,36,31.851383752804917,1497.4084466364498,1,One Year,Credit Card,DSL,Male,0
153,31.0,36,39.975544960944646,3157.9222066514835,0,Two Year,Bank Transfer,Fiber,Male,0
154,42.0,26,78.98017249868674,7714.195976310573,0,Month-to-Month,Bank Transfer,DSL,Female,1
155,43.0,43,88.94607118467329,2063.7840359480424,2,Month-to-Month,Electronic,Fiber,Female,0
156,31.0,27,22.322046022181517,1157.0495166079609,0,One Year,Mailed Check,Fiber,Female,0
157,62.0,69,123.58371762232358,3406.786910829089,5,Month-to-Month,Electronic,Fiber,Female,1
158,45.0,20,58.24183653465212,6343.66811329517,2,Month-to-Month,Mailed Check,DSL,Female,0
159,25.0,11,138.53868454478842,4698.971015261781,1,Month-to-Month,Mailed Check,None,Male,1
160,47.0,38,145.7764642697911,5479.701135182132,2,Month-to-Month,Bank Transfer,DSL,Male,1
161,28.0,6,44.109653707965066,1598.5893005799498,2,One Year,Mailed Check,Fiber,Female,0
162,49.0,23,80.07264779953589,4989.690724761,0,Month-to-Month,Bank Transfer,Fiber,Male,0
163,53.0,47,20.160138571635365,2655.653119800643,2,Two Year,Bank Transfer,Fiber,Female,0
164,30.0,46,97.7825444659155,6690.996591042664,2,One Year,Mailed Check,Fiber,Female,1
165,51.0,12,98.94983827414725,5071.460567484816,1,One Year,Bank Transfer,DSL,Female,1
166,44.0,13,52.18019422843877,1670.9645944248377,2,One Year,Bank Transfer,DSL,Male,1
167,,62,92.59364743581573,610.4717707682805,1,Two Year,Bank Transfer,Fiber,Male,0
168,113.0,60,49.3202185176856,436.8023533675586,1,Month-to-Month,Credit Card,DSL,Female,0
169,37.0,43,40.90731098016471,3034.127684436112,0,Two Year,Bank Transfer,None,Male,0
170,30.0,68,104.6975306842944,2200.2239795690766,3,One Year,Credit Card,DSL,Male,0
171,29.0,5,62.370310313769735,5204.111975353813,0,One Year,Credit Card,DSL,Female,1
172,30.0,37,96.73431205513091,4044.7372963310845,1,One Year,Bank Transfer,DSL,Male,0
173,,31,76.32207736631523,2201.5522962425075,2,Month-to-Month,Bank Transfer,DSL,Male,1
174,44.0,9,147.9656829623775,1278.9784458063914,4,Month-to-Month,Credit Card,Fiber,Female,1
175,43.0,51,39.44548354678355,1104.8781252308518,2,One Year,Credit Card,Fiber,Female,0
176,49.0,29,80.39781756265532,6930.817097909299,1,Month-to-Month,Bank Transfer,Fiber,Male,0
177,40.0,40,108.45936142671228,2023.4759503984512,1,One Year,Bank Transfer,None,Female,0
178,57.0,41,71.42086090439592,5248.51411849665,3,Month-to-Month,Mailed Check,None,Male,1
179,36.0,11,,6504.418831091503,4,Month-to-Month,Credit Card,None,Female,1
180,72.0,23,113.84539163050155,4951.242358359415,0,Month-to-Month,Credit Card,DSL,Female,0
181,47.0,1,105.4079014833841,6890.565330010872,2,Month-to-Month,Mailed Check,Fiber,Female,0
182,29.0,46,118.41770478945904,3199.9104000749485,4,One Year,Credit Card,DSL,Female,0
183,27.0,21,,7654.155306126691,1,Month-to-Month,Electronic,DSL,Male,0
184,45.0,36,138.01642488800323,1151.8455330069658,2,Two Year,Credit Card,Fiber,Female,1
185,37.0,54,114.15709005643355,906.981284294551,5,One Year,Mailed Check,DSL,Female,0
186,48.0,57,117.3910130831668,5303.667955038804,3,Month-to-Month,Electronic,DSL,Female,1
187,45.0,1,38.96986962456891,7548.366017164768,0,One Year,Bank Transfer,DSL,Male,0
188,39.0,63,33.36301258404654,6490.1793469269915,4,Two Year,Mailed Check,DSL,Male,0
189,29.0,54,94.21758523974135,703.6931895606064,2,One Year,Mailed Check,None,Female,0
190,21.0,55,22.3877928022702,2307.0049400842595,1,Month-to-Month,Bank Transfer,DSL,Female,0
191,34.0,40,82.7063296017069,7449.519190218807,3,Two Year,Mailed Check,DSL,Female,0
192,50.0,15,47.34544538945292,2099.161619126198,2,One Year,Credit Card,Fiber,Female,0
193,42.0,21,64.98215379382914,6271.246347916662,3,Month-to-Month,Bank Transfer,DSL,Female,0
194,25.0,47,120.85461565308428,6618.54434783676,0,Month-to-Month,Mailed Check,None,Female,0
195,42.0,53,142.36087555021024,4014.071617341756,2,One Year,Bank Transfer,DSL,Male,0
196,44.0,9,29.414115379024395,3152.1563878016923,2,Month-to-Month,Bank Transfer,Fiber,Female,0
197,29.0,52,89.45148677693787,3655.983016116101,2,Two Year,Bank Transfer,Fiber,Female,0
198,41.0,57,134.729353156548,1893.0210854863767,5,Month-to-Month,Electronic,None,Female,1
199,40.0,26,30.726109477254766,7126.1882374178695,2,Two Year,Mailed Check,Fiber,Female,0
200,26.0,41,127.1868260965884,3659.8952881650875,2,One Year,Electronic,None,Female,0
201,44.0,35,66.51417562067527,7071.429579603188,3,Month-to-Month,Mailed Check,DSL,Female,1
202,46.0,63,61.87231128851359,934.9784912595653,0,Month-to-Month,Credit Card,DSL,Male,1
203,,25,,7907.374640901037,4,One Year,Credit Card,DSL,Male,1
204,52.0,38,46.111681682098244,3601.857390804584,3,One Year,Credit Card,None,Male,0
205,23.0,2,110.11521230694852,477.8634811134332,2,One Year,Mailed Check,DSL,Male,0
206,28.0,7,126.78729464128264,400.37260107589384,3,Month-to-Month,Bank Transfer,DSL,Male,0
207,46.0,34,25.35385438630532,5995.037334106525,2,Month-to-Month,Bank Transfer,DSL,Male,0
208,46.0,17,107.15010958607358,5306.380720209078,3,Month-to-Month,Electronic,DSL,Female,1
209,46.0,43,143.7014966661925,6436.831409207941,1,One Year,Electronic,DSL,Female,0
210,86.0,59,36.148595674647716,932.4035182271671,2,Month-to-Month,Credit Card,None,Female,0
211,46.0,51,136.50876934905497,381.00984958083194,2,Month-to-Month,Electronic,Fiber,Female,0
212,53.0,54,97.3209628590017,4117.77638663587,2,One Year,Mailed Check,Fiber,Female,0
213,51.0,24,100.15859564212163,3162.0023287138793,2,Two Year,Mailed Check,Fiber,Female,0
214,47.0,25,99.68274273252877,3749.3807997005506,3,Month-to-Month,Electronic,DSL,Male,0
215,36.0,71,58.8486652238508,7933.548430075165,5,Month-to-Month,Electronic,DSL,Female,0
216,49.0,52,141.57623598892977,7768.924665598294,1,One Year,Electronic,DSL,Male,0
217,30.0,70,143.15556014203503,7544.291578418223,5,One Year,Electronic,DSL,Male,0
218,37.0,33,101.28960582781322,6292.357146464623,3,Month-to-Month,Credit Card,Fiber,Female,1
219,34.0,49,121.8449543724099,2903.2467460294342,3,Two Year,Credit Card,DSL,Female,0
220,40.0,29,99.59353816455054,3355.8343490758957,2,Two Year,Electronic,DSL,Female,0
221,67.0,63,82.97179818462527,4441.966745379504,4,Month-to-Month,Mailed Check,Fiber,Female,0
222,17.0,22,105.90661537890259,6661.222205598236,3,Month-to-Month,Credit Card,None,Female,1
223,48.0,26,91.8901888369546,642.8313768943153,4,One Year,Mailed Check,None,Female,0
224,,28,97.67186214215091,3451.9453984906163,1,One Year,Bank Transfer,None,Female,0
225,34.0,49,121.89823194445205,752.6795413282226,4,Month-to-Month,Mailed Check,Fiber,Male,1
226,53.0,71,82.51749808836803,4165.7949339307415,0,One Year,Electronic,DSL,Female,0
227,40.0,49,25.29803379202146,7201.316509649259,1,One Year,Bank Transfer,Fiber,Female,1
228,,20,41.31993252863464,6281.63090405511,6,Month-to-Month,Credit Card,DSL,Male,1
229,31.0,63,77.01893814363999,1899.9550985905687,1,One Year,Credit Card,Fiber,Female,0
230,48.0,61,,7810.32771183046,3,Two Year,Bank Transfer,Fiber,Female,1
231,31.0,49,97.12622428032324,5372.068144566784,2,Month-to-Month,Mailed Check,DSL,Male,0
232,42.0,71,104.53824416354901,182.37882523948423,4,Month-to-Month,Credit Card,Fiber,Female,1
233,40.0,1,82.30626071491734,2117.766529013234,2,Month-to-Month,Electronic,None,Female,1
234,32.0,13,100.04646285249157,2159.6350693673407,2,Two Year,Bank Transfer,DSL,Female,0
235,,51,62.77226691590609,647.1090196582935,2,Two Year,Electronic,None,Female,0
236,47.0,56,81.12373705056646,7682.629492799839,1,Month-to-Month,Bank Transfer,DSL,Female,1
237,15.0,62,116.75627852734422,3878.2168271497976,0,One Year,Credit Card,Fiber,Female,0
238,42.0,32,133.33826126650575,7176.935319237868,4,One Year,Mailed Check,Fiber,Male,1
239,32.0,30,76.37519341433055,2645.502477212564,5,One Year,Bank Transfer,Fiber,Female,0
240,50.0,29,25.676015501956954,1089.3452064193343,1,Month-to-Month,Bank Transfer,None,Female,0
241,30.0,49,41.01743073908435,3847.25526825909,7,Month-to-Month,Electronic,None,Male,1
242,38.0,45,22.711948107899953,1000.2574142431056,2,Month-to-Month,Credit Card,Fiber,Male,0
243,46.0,30,104.92419250085291,3939.5224735225656,2,One Year,Electronic,DSL,Female,1
244,50.0,16,63.20090129616416,7370.347731633321,2,Month-to-Month,Credit Card,None,Male,1
245,25.0,40,90.52222264351778,4214.068320490281,2,Two Year,Electronic,DSL,Female,1
246,,19,84.12599008189395,4970.347842471159,3,Month-to-Month,Bank Transfer,None,Female,1
247,34.0,18,30.59844364181547,1337.4436520930856,2,Month-to-Month,Electronic,DSL,Male,0
248,32.0,1,72.42397694609814,445.51144445175896,1,One Year,Mailed Check,DSL,Female,0
249,61.0,47,48.672946239902025,975.3829012204757,0,One Year,Credit Card,Fiber,Female,0
250,44.0,66,74.39197252679485,4828.399447906489,0,Month-to-Month,Credit Card,DSL,Male,0
251,24.0,38,46.46517644449155,850.5924220392068,1,Month-to-Month,Bank Transfer,DSL,Male,1
252,51.0,51,129.25881281600135,3070.34383053636,4,Two Year,Credit Card,DSL,Male,0
253,65.0,63,42.64513375517297,4445.726329619432,4,Month-to-Month,Mailed Check,DSL,Male,1
254,52.0,4,144.901471693307,3170.3571091757917,4,Month-to-Month,Electronic,DSL,Female,1
255,21.0,1,74.0679575991023,1393.1020315758817,2,Two Year,Bank Transfer,DSL,Male,1
256,34.0,8,130.0118879624764,2262.9513293614414,3,Month-to-Month,Mailed Check,Fiber,Male,1
257,55.0,29,101.73942636677286,7433.708509503758,1,Month-to-Month,Credit Card,DSL,Male,0
258,31.0,55,,5440.2599771322075,3,Month-to-Month,Credit Card,Fiber,Male,0
259,45.0,3,119.80410544868144,4018.777925571104,4,Month-to-Month,Mailed Check,DSL,Male,1
260,49.0,32,85.62983464609232,200.4476308964588,1,Month-to-Month,Electronic,None,Female,0
261,28.0,10,90.62906803722748,7940.081663866815,1,Month-to-Month,Electronic,None,Male,0
262,39.0,34,86.81946281513424,5404.493985667682,2,Month-to-Month,Bank Transfer,DSL,Female,0
263,1.0,55,96.4475891517103,2603.687571025065,2,Month-to-Month,Credit Card,Fiber,Male,1
264,27.0,32,23.821277948345948,7046.222413982922,1,One Year,Mailed Check,None,Male,0
265,36.0,50,71.41697208037198,2141.609800305363,4,Month-to-Month,Electronic,None,Male,0
266,25.0,7,98.8045327629523,4397.730975543737,1,Month-to-Month,Bank Transfer,Fiber,Male,0
267,59.0,8,97.70406348326236,5124.959033465618,2,Two Year,Credit Card,DSL,Male,1
268,22.0,65,123.0842922987321,1846.4006344844547,3,One Year,Credit Card,Fiber,Male,0
269,34.0,57,105.15121404817411,7829.338502524708,2,Month-to-Month,Bank Transfer,Fiber,Male,1
270,41.0,67,148.97733112428742,6010.716057234081,1,Two Year,Bank Transfer,Fiber,Male,0
271,57.0,59,56.901088719123855,4506.724481537452,2,Month-to-Month,Electronic,DSL,Female,0
272,22.0,54,66.68963385661009,1526.697325584877,1,Month-to-Month,Mailed Check,None,Male,1
273,53.0,67,69.90012974281352,525.4798352844064,4,One Year,Credit Card,None,Female,0
274,40.0,51,80.55566491263231,2628.472676915769,3,One Year,Mailed Check,DSL,Male,0
275,28.0,8,128.67974829155722,6050.179953715882,0,Month-to-Month,Credit Card,DSL,Female,1
276,45.0,34,50.65297221469728,2227.7172565859983,3,Month-to-Month,Credit Card,DSL,Male,0
277,42.0,35,120.88002691460584,4362.494141914491,2,One Year,Mailed Check,None,Male,0
278,32.0,32,72.69032380114665,5850.782696172871,2,Month-to-Month,Bank Transfer,Fiber,Male,1
279,,46,98.2411998760611,952.7553457070684,0,Two Year,Electronic,Fiber,Female,0
280,35.0,16,102.23026931941979,5513.8543273154,2,Month-to-Month,Credit Card,Fiber,Female,1
281,41.0,68,68.47032283456149,825.7800129093531,2,Two Year,Bank Transfer,Fiber,Female,0
282,47.0,37,86.63997667675467,7724.5249628032725,2,One Year,Credit Card,DSL,Female,0
283,59.0,54,73.69405270420062,3958.3136275130228,3,Two Year,Electronic,Fiber,Male,0
284,25.0,14,28.987262204260528,1290.3412509080313,2,One Year,Credit Card,Fiber,Male,0
285,65.0,55,76.83150054618746,2804.8307246650174,1,One Year,Electronic,None,Male,0
286,16.0,48,32.66114103196178,3365.9899494325655,1,Month-to-Month,Electronic,None,Female,0
287,38.0,7,72.65270388044179,6089.6615875046455,0,Month-to-Month,Credit Card,None,Male,1
288,47.0,7,97.07939197813164,5973.047910005213,2,Month-to-Month,Credit Card,Fiber,Female,0
289,43.0,33,95.32393691465509,4934.329992164915,0,Two Year,Electronic,Fiber,Female,1
290,32.0,23,106.14076627108165,936.8526292120944,1,Two Year,Bank Transfer,Fiber,Female,0
291,37.0,19,32.383996034101415,1297.3980355426213,1,Month-to-Month,Mailed Check,None,Female,0
292,34.0,19,104.77602191895693,840.6796730998974,0,Month-to-Month,Electronic,DSL,Female,1
293,32.0,36,60.57924737053812,4659.664987971645,3,Month-to-Month,Credit Card,DSL,Male,0
294,50.0,29,71.87597299782445,7029.393687940092,2,One Year,Credit Card,DSL,Female,0
295,44.0,60,131.53821300995176,3527.024046812697,2,Month-to-Month,Bank Transfer,Fiber,Female,0
296,31.0,2,21.173952536841533,1370.700574266195,1,One Year,Mailed Check,DSL,Male,0
297,50.0,1,96.4936423342787,4508.534368676839,3,Two Year,Electronic,DSL,Female,0
298,43.0,47,97.83281741301398,6512.842513239108,3,Month-to-Month,Electronic,DSL,Female,0
299,49.0,69,71.56577092466306,5959.525285952147,2,Month-to-Month,Mailed Check,DSL,Male,0
300,47.0,20,50.813621424083706,7063.461159432669,1,Month-to-Month,Electronic,None,Male,1
301,30.0,11,50.507624974001644,2295.4265682660557,4,Month-to-Month,Mailed Check,DSL,Male,1
302,33.0,2,134.88225705589784,1632.2355514154215,3,Month-to-Month,Credit Card,Fiber,Female,1
303,,67,77.46316859177148,7050.550238941316,2,Month-to-Month,Mailed Check,Fiber,Male,0
304,47.0,12,,5294.7264709463825,5,Two Year,Electronic,None,Male,1
305,39.0,20,78.34108459808239,2556.338547059678,1,Month-to-Month,Mailed Check,DSL,Male,0
306,41.0,5,107.02075218971697,5964.549599522823,0,Month-to-Month,Bank Transfer,None,Female,0
307,55.0,37,38.94835387181772,6539.435237394906,1,Two Year,Credit Card,Fiber,Male,0
308,32.0,38,78.4263985777859,4958.328098694946,4,One Year,Credit Card,None,Female,0
309,46.0,9,96.4249682443503,5534.284468051329,1,Month-to-Month,Mailed Check,None,Female,0
310,37.0,53,143.3158361306864,3064.553245097064,0,One Year,Electronic,DSL,Male,0
311,37.0,44,52.8286116698045,4355.695772010009,2,Month-to-Month,Bank Transfer,DSL,Female,0
312,53.0,24,,4240.857448736681,1,One Year,Credit Card,DSL,Female,0
313,49.0,30,69.3166166899151,6799.5775499330975,3,One Year,Credit Card,Fiber,Male,0
314,49.0,59,98.71996049383476,6735.715444229242,4,One Year,Electronic,DSL,Female,0
315,55.0,14,66.37516689520021,6678.175707841641,2,Month-to-Month,Electronic,DSL,Male,1
316,40.0,9,89.35655028896043,187.14975267347978,2,Two Year,Bank Transfer,Fiber,Female,1
317,48.0,40,121.63274287985382,6021.409327304217,3,Month-to-Month,Mailed Check,DSL,Female,0
318,36.0,66,111.70012723458646,6093.543481876938,1,Month-to-Month,Electronic,DSL,Male,1
319,43.0,25,78.02792404663613,5459.192700555621,1,Month-to-Month,Mailed Check,Fiber,Male,1
320,38.0,22,132.34810309764197,6074.490797342475,4,Month-to-Month,Bank Transfer,DSL,Female,0
321,41.0,4,92.55823244720217,6751.565934823999,1,Month-to-Month,Mailed Check,DSL,Female,1
322,47.0,26,90.18775913528762,3815.520527404107,1,Two Year,Credit Card,Fiber,Male,0
323,30.0,58,24.444409572090564,4066.1966865587324,1,Two Year,Mailed Check,Fiber,Female,0
324,65.0,29,148.270087446431,1085.2410495999848,3,Month-to-Month,Bank Transfer,None,Female,0
325,27.0,37,35.98620510885147,3144.469476074158,3,Month-to-Month,Bank Transfer,Fiber,Female,0
326,25.0,70,50.047018615594055,5182.584921303096,3,Month-to-Month,Bank Transfer,Fiber,Female,1
327,53.0,18,26.720588841398506,6265.158231563469,1,Month-to-Month,Mailed Check,Fiber,Male,0
328,49.0,42,103.20038568879879,1815.9518717605633,0,Month-to-Month,Credit Card,None,Male,1
329,47.0,41,49.2111530064484,1188.8009033579597,1,Two Year,Electronic,None,Male,0
330,47.0,38,43.401356871454055,5338.031835553888,2,Month-to-Month,Credit Card,None,Male,0
331,39.0,34,31.51222594902138,114.85107984679406,1,Month-to-Month,Mailed Check,Fiber,Male,0
332,29.0,17,33.43016442612203,1509.1434160279057,3,Month-to-Month,Mailed Check,DSL,Male,0
333,40.0,37,96.00719105753653,329.6639047172345,3,Two Year,Electronic,DSL,Female,0
334,31.0,25,109.4670225626574,1418.3924310534803,3,One Year,Mailed Check,DSL,Male,0
335,51.0,27,71.65926850037214,1532.4223114114914,2,Two Year,Bank Transfer,None,Female,0
336,38.0,57,82.38662060696952,3162.6213985281142,2,One Year,Bank Transfer,Fiber,Female,0
337,30.0,31,109.17580567778793,3278.384285023792,1,Month-to-Month,Bank Transfer,Fiber,Female,0
338,36.0,6,22.259372724112353,7006.673517820878,4,Month-to-Month,Bank Transfer,DSL,Male,1
339,44.0,40,,4129.866728740719,2,One Year,Bank Transfer,None,Female,0
340,33.0,12,146.50270724914503,5814.897648337062,2,Month-to-Month,Mailed Check,DSL,Male,1
341,30.0,53,95.41458986041084,922.6851275702708,2,One Year,Electronic,DSL,Female,0
342,42.0,71,,1880.9661681631815,1,Month-to-Month,Electronic,DSL,Female,1
343,42.0,10,87.82490606270771,5653.253183731546,1,Month-to-Month,Bank Transfer,Fiber,Male,1
344,,45,64.544953455719,517.1512877013719,0,One Year,Mailed Check,Fiber,Female,0
345,34.0,17,89.19184854741889,3944.1215317256497,3,One Year,Credit Card,None,Female,0
346,42.0,26,36.34639653486435,4835.014828737178,2,One Year,Credit Card,DSL,Female,0
347,22.0,62,37.25290499650606,4856.950588014601,2,Month-to-Month,Mailed Check,Fiber,Female,1
348,23.0,46,38.660507065121074,281.169209017532,2,One Year,Bank Transfer,Fiber,Male,0
349,31.0,64,142.17657295048943,2644.6532334105655,2,Month-to-Month,Electronic,DSL,Female,0
350,37.0,2,115.27685938437443,5128.276143288317,3,Month-to-Month,Mailed Check,None,Female,1
351,43.0,54,41.109646306101716,1277.0979155790233,2,Month-to-Month,Credit Card,Fiber,Male,1
352,57.0,65,44.48538088952819,5593.783621791621,3,Month-to-Month,Credit Card,Fiber,Female,0
353,50.0,51,115.00783173321392,5992.8091496280285,5,Month-to-Month,Credit Card,None,Female,0
354,38.0,53,40.301299822982614,7857.556604524548,1,Month-to-Month,Bank Transfer,Fiber,Female,0
355,,36,50.492968133527725,1757.7517593656344,3,Month-to-Month,Credit Card,DSL,Female,0
356,27.0,26,145.23508826665187,6618.53227456231,1,Month-to-Month,Mailed Check,Fiber,Male,0
357,39.0,29,53.18984821469614,4210.342957657367,2,Month-to-Month,Mailed Check,DSL,Female,1
358,36.0,21,106.01220554824909,3050.35450953897,0,Month-to-Month,Credit Card,DSL,Male,1
359,43.0,11,147.22206736206894,1066.7763828689058,1,Month-to-Month,Mailed Check,DSL,Female,1
360,30.0,40,68.65857972817304,5910.494291251547,1,One Year,Credit Card,Fiber,Female,0
361,46.0,11,22.27707881206809,1963.275033235128,2,Month-to-Month,Credit Card,Fiber,Female,1
362,58.0,36,51.73914775490866,3034.2338147970613,6,Month-to-Month,Electronic,DSL,Male,1
363,38.0,59,128.0140348744217,594.0835924892107,1,Month-to-Month,Bank Transfer,Fiber,Female,0
364,44.0,39,132.39914867415476,6430.7986349742005,3,One Year,Bank Transfer,None,Female,0
365,48.0,54,119.90751738809286,6156.0493393759825,1,Two Year,Electronic,DSL,Male,1
366,35.0,55,34.704276479954494,5895.565057334268,3,One Year,Electronic,DSL,Male,0
367,42.0,24,123.4163483205324,2465.6037328859047,3,One Year,Bank Transfer,Fiber,Male,0
368,40.0,22,139.42811360915556,1470.4925867010622,1,Month-to-Month,Credit Card,DSL,Male,0
369,41.0,69,98.0792405310107,5136.670789314815,1,One Year,Credit Card,Fiber,Female,0
370,,56,142.31379632394842,4019.7144344944336,3,One Year,Bank Transfer,DSL,Female,0
371,40.0,33,127.48905488254407,1508.1944885466685,3,Month-to-Month,Credit Card,Fiber,Female,0
372,45.0,36,106.70629720881794,5518.699041293923,0,Month-to-Month,Electronic,Fiber,Female,0
373,57.0,20,95.03408077252726,7929.898811388299,2,Month-to-Month,Credit Card,Fiber,Male,1
374,51.0,62,65.31457674145616,6003.034743162098,3,Two Year,Credit Card,None,Female,0
375,65.0,26,40.707367881564664,5945.892454816333,4,One Year,Mailed Check,None,Female,1
376,30.0,66,98.64400994977031,7607.470748151674,2,One Year,Mailed Check,Fiber,Female,0
377,50.0,40,61.354501970355535,1703.1973038417273,2,Month-to-Month,Mailed Check,Fiber,Female,1
378,,17,132.6370267785939,4567.844722879379,2,Month-to-Month,Credit Card,DSL,Male,0
379,66.0,1,149.13380185662172,7839.20904876768,1,Month-to-Month,Bank Transfer,Fiber,Female,1
380,30.0,61,117.81560914002443,1405.8234766643789,1,Month-to-Month,Electronic,DSL,Female,0
381,29.0,43,,5631.990479611716,1,Two Year,Credit Card,None,Female,0
382,32.0,42,57.52912741898295,4727.900153178025,4,One Year,Bank Transfer,DSL,Male,1
383,14.0,25,34.18425212954747,4733.184828290785,4,Month-to-Month,Credit Card,Fiber,Male,1
384,33.0,39,104.56651421292305,5611.597957408593,2,Two Year,Electronic,DSL,Female,0
385,30.0,35,119.474812392252,7443.973690717905,0,Month-to-Month,Credit Card,Fiber,Female,1
386,41.0,3,140.33772801449254,6282.39732482557,4,Two Year,Electronic,None,Female,0
387,44.0,44,76.9624050335584,543.4752169880591,2,Month-to-Month,Credit Card,DSL,Male,1
388,62.0,51,137.17883444649775,6836.551357018118,7,Month-to-Month,Electronic,None,Female,0
389,51.0,12,134.1258506753726,1881.7765064132877,2,Month-to-Month,Credit Card,DSL,Female,0
390,33.0,19,61.235443179501814,3077.6219014173384,5,Month-to-Month,Electronic,Fiber,Female,1
391,29.0,44,132.95708132027423,3747.689227537819,2,Month-to-Month,Mailed Check,None,Male,1
392,45.0,59,,3899.1574059492505,2,One Year,Credit Card,DSL,Female,0
393,,49,58.5930056928365,3537.9251541173185,3,Two Year,Credit Card,None,Female,0
394,61.0,61,104.3797056432711,7505.0910243053295,2,One Year,Bank Transfer,DSL,Male,0
395,54.0,17,62.68955962506054,5677.550160545794,1,Month-to-Month,Bank Transfer,DSL,Male,0
396,34.0,57,101.92713728278875,5086.24810305798,0,One Year,Electronic,None,Female,0
397,19.0,55,99.27813471483029,493.7520194852383,1,Month-to-Month,Credit Card,DSL,Male,0
398,56.0,47,93.24706055529964,7240.91530905696,5,Month-to-Month,Electronic,None,Female,1
399,38.0,12,69.4545615502637,7284.18251686633,3,One Year,Mailed Check,None,Male,0
400,54.0,62,,6263.683201097809,1,One Year,Bank Transfer,DSL,Male,0
401,20.0,8,97.5431117481048,155.53071012759133,3,Month-to-Month,Electronic,Fiber,Female,1
402,32.0,21,90.93929550441155,552.5139835132245,1,Month-to-Month,Electronic,DSL,Female,1
403,40.0,70,77.7745288576562,1879.2672479210692,2,Two Year,Bank Transfer,Fiber,Female,0
404,40.0,25,21.906717416014295,1137.660324344763,4,Month-to-Month,Credit Card,DSL,Male,0
405,34.0,12,96.31802200114963,3250.8046346594624,0,Month-to-Month,Electronic,DSL,Female,1
406,47.0,15,41.897770068553555,7388.722158893538,0,One Year,Bank Transfer,DSL,Female,0
407,27.0,59,103.53487596313465,3829.2774301562863,3,Month-to-Month,Credit Card,Fiber,Female,0
408,38.0,26,118.71476262997258,205.88074881410833,3,Month-to-Month,Mailed Check,None,Female,0
409,41.0,26,85.05789018699639,2333.69094767222,2,Month-to-Month,Bank Transfer,None,Female,0
410,46.0,47,90.50727644736598,452.29977614639614,2,One Year,Electronic,Fiber,Male,0
411,48.0,32,143.69221275657884,386.67221864666703,1,One Year,Mailed Check,Fiber,Female,0
412,26.0,10,130.13175697843465,2278.186839454863,4,One Year,Credit Card,None,Female,0
413,,16,138.85074707369108,2277.3374755636687,2,Two Year,Credit Card,DSL,Male,0
414,55.0,71,125.78961748154623,6318.300160552672,3,One Year,Bank Transfer,Fiber,Female,0
415,,17,34.15938444007509,7801.193756970784,5,Month-to-Month,Bank Transfer,None,Female,0
416,31.0,23,39.36894127612531,3032.5360417309867,1,Month-to-Month,Bank Transfer,DSL,Female,0
417,58.0,26,88.46109364496475,3488.206343002205,3,One Year,Credit Card,Fiber,Female,0
418,41.0,7,51.989055643739775,6773.83654665957,4,One Year,Mailed Check,None,Female,0
419,54.0,14,81.9704117553507,2218.2982587545557,3,One Year,Credit Card,None,Male,0
420,40.0,7,71.26749209638552,1335.4162547872388,2,One Year,Electronic,Fiber,Male,0
421,64.0,9,91.42385099595893,6839.408024888839,6,Month-to-Month,Credit Card,DSL,Male,0
422,61.0,48,117.09384309765696,467.3546328765174,1,Month-to-Month,Electronic,DSL,Female,1
423,37.0,59,113.01381792290567,4995.625577575384,1,Month-to-Month,Mailed Check,DSL,Male,0
424,51.0,39,87.76043722309346,4539.743494987773,5,Month-to-Month,Bank Transfer,Fiber,Female,0
425,47.0,18,126.91114444621755,2832.7715352633845,1,Month-to-Month,Bank Transfer,DSL,Female,0
426,56.0,59,76.01207189994433,2589.997216669136,3,One Year,Credit Card,None,Female,0
427,28.0,17,136.5728576792159,6197.676036834809,0,One Year,Bank Transfer,DSL,Male,0
428,48.0,14,29.266435107171308,782.7544250241173,9,Month-to-Month,Mailed Check,DSL,Male,0
429,52.0,31,144.10580390432997,1970.5960435599445,2,Month-to-Month,Bank Transfer,Fiber,Male,0
430,,24,105.11010058607526,5886.34498152091,4,Month-to-Month,Credit Card,Fiber,Female,0
431,25.0,60,,4431.7326114387515,0,Month-to-Month,Mailed Check,DSL,Male,1
432,15.0,45,45.63003645447405,1111.1068474153324,0,One Year,Electronic,Fiber,Female,0
433,36.0,3,82.29381982766799,7068.871352828275,1,One Year,Credit Card,Fiber,Male,0
434,48.0,37,45.29258201408913,3208.2379878523734,0,One Year,Electronic,DSL,Male,0
435,58.0,43,41.62310900660848,6640.160165045166,3,One Year,Mailed Check,DSL,Female,0
436,40.0,40,100.25572846368665,6322.932822668899,1,One Year,Credit Card,None,Female,0
437,59.0,55,88.00101419563201,5032.961027126652,3,Month-to-Month,Credit Card,Fiber,Male,0
438,23.0,39,107.11248449942242,4006.4009372312344,0,Month-to-Month,Mailed Check,DSL,Male,1
439,19.0,15,140.84876406485859,7838.45163901588,3,Month-to-Month,Bank Transfer,None,Male,1
440,39.0,4,89.19382773407523,1245.2240718005546,3,Two Year,Credit Card,None,Female,0
441,44.0,25,95.52116692416371,5828.730247653807,3,Month-to-Month,Credit Card,Fiber,Female,1
442,39.0,13,31.651424090142473,1610.406541571833,3,Month-to-Month,Electronic,Fiber,Male,1
443,125.0,33,113.29265216812183,2772.2785321255524,5,Two Year,Bank Transfer,None,Male,1
444,38.0,16,71.9876768845403,2538.7200726482424,0,Two Year,Electronic,None,Female,0
445,24.0,42,146.97428102613526,7581.584303135912,2,One Year,Electronic,Fiber,Male,0
446,48.0,66,,7742.113804527374,2,Month-to-Month,Bank Transfer,Fiber,Female,0
447,44.0,55,87.92253526709538,1545.8220094543444,4,Month-to-Month,Bank Transfer,Fiber,Female,1
448,28.0,42,36.01894504238159,274.07776635028307,0,Month-to-Month,Mailed Check,Fiber,Female,1
449,33.0,34,131.72405312647658,5788.063513338593,3,Month-to-Month,Bank Transfer,DSL,Female,0
450,27.0,30,123.97154240512282,3402.120477576826,1,Month-to-Month,Credit Card,Fiber,Female,0
451,39.0,13,43.99606683981429,801.8379361917587,1,Month-to-Month,Bank Transfer,None,Female,0
452,,13,58.38617759864031,5501.657434058636,6,Two Year,Mailed Check,Fiber,Male,1
453,28.0,18,123.14294355921885,4406.333673259527,2,Month-to-Month,Mailed Check,Fiber,Female,1
454,46.0,32,,7846.082893808738,1,One Year,Mailed Check,Fiber,Female,1
455,33.0,39,139.30782359227905,1896.5350173048935,2,One Year,Bank Transfer,DSL,Male,0
456,30.0,46,75.18856527552704,3291.425222979731,2,Month-to-Month,Bank Transfer,Fiber,Female,0
457,38.0,29,31.315065136395624,4386.111846823841,2,One Year,Electronic,Fiber,Male,0
458,27.0,62,126.04732365555651,6354.429908781478,3,Month-to-Month,Electronic,DSL,Female,0
459,33.0,62,68.55625879499038,4435.825388088464,2,Month-to-Month,Credit Card,DSL,Male,0
460,25.0,57,88.44489523999152,4941.911270809399,1,One Year,Electronic,None,Male,0
461,63.0,16,34.59956477345849,1886.5617075605319,5,Month-to-Month,Credit Card,DSL,Female,1
462,,56,20.33592192984771,6790.657951899622,2,Two Year,Mailed Check,DSL,Female,0
463,31.0,10,102.9380767531287,3486.1813210667583,3,Month-to-Month,Electronic,None,Female,0
464,42.0,30,86.97277214338511,1213.5810574219772,2,One Year,Bank Transfer,Fiber,Female,0
465,38.0,25,97.16001398600913,5347.084524592798,1,Month-to-Month,Electronic,Fiber,Male,0
466,37.0,5,,1807.1145801639293,1,Month-to-Month,Credit Card,None,Male,0
467,47.0,65,104.05876874497181,870.743830890468,3,Month-to-Month,Electronic,DSL,Male,0
468,,49,42.72054756755903,6909.696576393751,0,One Year,Mailed Check,Fiber,Female,0
469,33.0,3,66.90042748437797,3735.2818894586735,0,Two Year,Bank Transfer,Fiber,Male,0
470,33.0,45,137.76584362240885,6019.341330296634,1,Two Year,Credit Card,None,Female,0
471,36.0,14,120.09281103271826,2395.6417224702054,2,Month-to-Month,Bank Transfer,Fiber,Female,1
472,12.0,30,92.36281753177325,6317.064065849564,2,One Year,Bank Transfer,Fiber,Male,1
473,21.0,68,53.2338497152054,984.2938234700896,2,One Year,Credit Card,Fiber,Female,0
474,56.0,18,59.267865238523356,2912.1896529793366,2,One Year,Bank Transfer,Fiber,Male,0
475,59.0,62,115.1545487861325,7826.688361990876,2,Month-to-Month,Bank Transfer,Fiber,Female,1
476,37.0,37,130.6526539108602,6372.518759307248,3,One Year,Electronic,Fiber,Male,1
477,46.0,25,107.28520703897988,4028.3218494860366,2,Two Year,Bank Transfer,Fiber,Female,0
478,43.0,48,,2784.2420253388923,1,Month-to-Month,Bank Transfer,Fiber,Male,0
479,76.0,65,119.66529757605278,6989.872030177565,2,Two Year,Bank Transfer,Fiber,Male,0
480,53.0,53,39.4615158344045,4404.297296767673,3,One Year,Bank Transfer,Fiber,Female,0
481,38.0,15,,6091.557641165978,1,Month-to-Month,Credit Card,None,Female,0
482,28.0,49,39.887894107713144,6057.450674497696,3,Month-to-Month,Mailed Check,Fiber,Male,0
483,20.0,68,50.580626024258024,241.77086069108546,1,Month-to-Month,Electronic,None,Female,0
484,42.0,12,133.00375120463684,1097.4048840616463,0,One Year,Bank Transfer,None,Female,0
485,,59,81.47595553231368,5311.071994518464,3,Two Year,Bank Transfer,Fiber,Female,0
486,22.0,37,89.59655323954591,1376.7965091583844,3,Month-to-Month,Credit Card,Fiber,Male,1
487,32.0,61,43.19797547961038,2118.397422779277,2,Two Year,Mailed Check,None,Male,0
488,27.0,43,60.595332186343484,7578.439838176897,1,Two Year,Bank Transfer,Fiber,Female,0
489,60.0,70,49.93200189562309,4525.439841161804,3,Month-to-Month,Credit Card,None,Female,0
490,50.0,39,46.80420138739544,6030.763105294843,5,Two Year,Electronic,Fiber,Male,0
491,39.0,56,102.93490313107611,4508.047836382855,4,Two Year,Electronic,Fiber,Female,0
492,57.0,63,,4464.857556783529,0,One Year,Bank Transfer,DSL,Male,0
493,,46,,843.8000899930134,2,One Year,Bank Transfer,Fiber,Female,0
494,29.0,11,27.599099834112007,2814.939221611914,3,Two Year,Mailed Check,None,Female,1
495,58.0,62,38.43067115852324,2331.2040996234427,2,One Year,Mailed Check,Fiber,Female,0
496,46.0,25,55.6902330200163,3186.7540883475444,4,Month-to-Month,Bank Transfer,Fiber,Male,1
497,27.0,71,97.61609919643992,6406.919086972193,4,Two Year,Credit Card,None,Male,0
498,37.0,52,107.85936186135888,3038.2680765432324,1,One Year,Mailed Check,Fiber,Male,0
499,29.0,4,77.55320568133853,3668.404871930293,4,One Year,Bank Transfer,Fiber,Male,1
500,23.0,59,77.95281889503977,3239.3129848340004,0,Month-to-Month,Mailed Check,Fiber,Female,0
